island,suitable_area_ha,suitability_mean,potential_mw_eolic
Isabela,467789.0,1.7044234954220814,519765.55555555556
Floreana,16974.0,2.0235831731618945,18860.0
Santa Cruz,99990.0,2.442792404240424,111100.0
San Cristobal,55169.0,2.950052622396636,61298.88888888889
